Time;Type;Volume;Symbol;Price;Volume;Time;Price;Commission;Swap;Profit
2024.04.19 17:06:50;Buy;0.01;XAUUSD;2383.25;0.01;2024.04.19 17:56:15;2388.84;;;5.59
2024.04.19 17:06:53;Buy;0.01;XAUUSD;2383.12;0.01;2024.04.19 17:21:28;2389.9;;;6.78
2024.04.19 16:18:47;Buy;0.02;XAUUSD;2377.72;0.02;2024.04.19 16:59:55;2377.8;;;0.16
2024.04.19 11:09:17;Buy;0.01;XAUUSD;2382.46;0.01;2024.04.19 14:04:11;2377.27;;;-5.19
2024.04.18 18:22:51;Sell;0.01;XAUUSD;2383.09;0.01;2024.04.19 04:04:32;2383.06;;-0.03;0.03
2024.04.18 17:17:05;Sell;0.02;XAUUSD;2383.11;0.02;2024.04.18 17:45:03;2375.78;;;14.66
2024.04.17 19:50:48;Buy;0.02;XAUUSD;2367.59;0.02;2024.04.17 21:23:50;2375.47;;;15.76
2024.04.17 19:40:15;Buy;0.02;XAUUSD;2371.43;0.02;2024.04.17 19:43:25;2367.48;;;-7.9
2024.04.17 15:43:13;Buy;0.02;XAUUSD;2379.35;0.02;2024.04.17 19:33:33;2375.05;;;-8.6
2024.04.16 17:24:36;Buy;0.02;XAUUSD;2367.06;0.02;2024.04.16 18:03:00;2387.541;;;40.96
2024.04.16 17:08:25;Buy;0.01;XAUUSD;2368.69;0.01;2024.04.16 17:23:59;2363.48;;;-5.21
2024.04.16 13:51:54;Buy;0.01;XAUUSD;2370.04;0.01;2024.04.16 17:23:59;2363.48;;;-6.5600000000000005
2024.04.16 10:23:23;Sell;0.03;XAUUSD;2371.61;0.03;2024.04.16 10:29:03;2370.47;;;3.42
2024.04.15 16:35:52;Buy;0.01;XAUUSD;2354.04;0.01;2024.04.15 16:42:53;2344.65;;;-9.39
2024.04.15 12:54:44;Buy;0.04;XAUUSD;2348.77;0.04;2024.04.15 13:53:36;2353.03;;;17.04
2024.04.15 12:19:33;Buy;0.02;XAUUSD;2349.74;0.02;2024.04.15 13:53:36;2353.03;;;6.58
2024.04.15 12:13:30;Sell;0.02;XAUUSD;2348.96;0.02;2024.04.15 12:19:30;2349.63;;;-1.34
2024.04.15 12:01:53;Buy;0.02;XAUUSD;2353.07;0.02;2024.04.15 12:13:26;2349.3;;;-7.54
2024.04.15 10:03:29;Buy;0.02;XAUUSD;2352.83;0.02;2024.04.15 11:34:19;2346.23;;;-13.2
2024.04.12 18:11:22;Sell;0.04;XAUUSD;2419.5;0.04;2024.04.12 18:13:11;2413.02;;;25.92
2024.04.12 18:11:26;Sell;0.04;XAUUSD;2419.17;0.04;2024.04.12 18:12:26;2414.91;;;17.04
2024.04.12 18:11:27;Sell;0.04;XAUUSD;2418.93;0.04;2024.04.12 18:12:24;2414.42;;;18.04
2024.04.12 18:10:40;Buy;0.04;XAUUSD;2421.37;0.04;2024.04.12 18:11:15;2419.98;;;-5.5600000000000005
2024.04.12 18:09:50;Buy;0.04;XAUUSD;2422.82;0.04;2024.04.12 18:10:17;2420.75;;;-8.28
2024.04.12 18:08:40;Buy;0.04;XAUUSD;2423.63;0.04;2024.04.12 18:09:23;2422.02;;;-6.44
2024.04.12 17:59:24;Buy;0.04;XAUUSD;2425.45;0.04;2024.04.12 18:05:24;2428.6;;;12.6
2024.04.12 17:58:08;Sell;0.04;XAUUSD;2425.56;0.04;2024.04.12 17:58:29;2427.22;;;-6.64
2024.04.12 17:57:14;Sell;0.04;XAUUSD;2424.32;0.04;2024.04.12 17:58:01;2426.74;;;-9.68
2024.04.12 17:46:13;Sell;0.04;XAUUSD;2417.98;0.04;2024.04.12 17:47:56;2417.12;;;3.44
2024.04.12 17:35:51;Buy;0.04;XAUUSD;2414.21;0.04;2024.04.12 17:38:14;2415.26;;;4.2
2024.04.12 16:40:07;Buy;0.04;XAUUSD;2396.78;0.04;2024.04.12 16:41:07;2395.2;;;-6.32
2024.04.12 16:13:05;Buy;0.04;XAUUSD;2394.97;0.04;2024.04.12 16:21:49;2396.65;;;6.72
2024.04.12 16:09:08;Buy;0.04;XAUUSD;2396.08;0.04;2024.04.12 16:12:41;2394.71;;;-5.48
2024.04.12 15:50:06;Buy;0.04;XAUUSD;2392.62;0.04;2024.04.12 15:51:43;2394.58;;;7.84
2024.04.12 15:48:11;Buy;0.04;XAUUSD;2393.62;0.04;2024.04.12 15:49:51;2392.4;;;-4.88
2024.04.12 15:11:28;Buy;0.04;XAUUSD;2392.1;0.04;2024.04.12 15:23:35;2394.92;;;11.28
2024.04.12 15:08:38;Buy;0.04;XAUUSD;2393.3;0.04;2024.04.12 15:10:59;2391.98;;;-5.28
2024.04.12 15:00:31;Sell;0.04;XAUUSD;2394.89;0.04;2024.04.12 15:07:21;2392.68;;;8.84
2024.04.12 14:36:45;Buy;0.04;XAUUSD;2391.6;0.04;2024.04.12 14:54:34;2394.59;;;11.96
2024.04.12 14:32:28;Sell;0.04;XAUUSD;2391.9;0.04;2024.04.12 14:36:33;2391.77;;;0.52
2024.04.12 14:19:19;Buy;0.04;XAUUSD;2394.28;0.04;2024.04.12 14:32:25;2391.72;;;-10.24
2024.04.12 14:18:25;Sell;0.04;XAUUSD;2392.46;0.04;2024.04.12 14:19:17;2394.02;;;-6.24
2024.04.12 14:06:49;Buy;0.04;XAUUSD;2396.25;0.04;2024.04.12 14:17:09;2394.53;;;-6.88
2024.04.12 14:05:09;Buy;0.04;XAUUSD;2396.88;0.04;2024.04.12 14:06:02;2395.71;;;-4.68
2024.04.12 13:30:57;Sell;0.04;XAUUSD;2399.39;0.04;2024.04.12 14:04:57;2397.17;;;8.88
2024.04.12 13:30:34;Sell;0.04;XAUUSD;2399.65;0.04;2024.04.12 13:57:27;2397.39;;;9.04
2024.04.12 13:27:06;Sell;0.04;XAUUSD;2398.4;0.04;2024.04.12 13:30:14;2400.05;;;-6.6
2024.04.12 12:53:02;Sell;0.04;XAUUSD;2399.49;0.04;2024.04.12 13:30:05;2400.06;;;-2.2800000000000002
2024.04.12 13:24:25;Sell;0.04;XAUUSD;2397.35;0.04;2024.04.12 13:26:41;2398.5;;;-4.6
2024.04.12 12:22:32;Buy;0.04;XAUUSD;2394.92;0.04;2024.04.12 12:51:30;2398.8;;;15.52
2024.04.12 12:22:33;Buy;0.04;XAUUSD;2394.91;0.04;2024.04.12 12:51:29;2398.74;;;15.32
2024.04.12 12:22:33;Buy;0.04;XAUUSD;2395.035;0.04;2024.04.12 12:51:28;2398.75;;;14.86
2024.04.12 12:20:02;Sell;0.04;XAUUSD;2394.11;0.04;2024.04.12 12:22:31;2394.895;;;-3.14
2024.04.12 12:19:49;Sell;0.04;XAUUSD;2394.11;0.04;2024.04.12 12:22:31;2394.97;;;-3.44
2024.04.12 12:20:03;Sell;0.04;XAUUSD;2394.08;0.04;2024.04.12 12:22:30;2394.78;;;-2.8
2024.04.12 12:18:12;Buy;0.04;XAUUSD;2395.53;0.04;2024.04.12 12:19:47;2393.92;;;-6.44
2024.04.12 12:19:16;Buy;0.04;XAUUSD;2394.88;0.04;2024.04.12 12:19:46;2393.95;;;-3.7199999999999998
2024.04.12 12:18:13;Buy;0.04;XAUUSD;2395.52;0.04;2024.04.12 12:19:46;2393.95;;;-6.28
2024.04.12 12:15:26;Buy;0.04;XAUUSD;2396.22;0.04;2024.04.12 12:17:52;2395.02;;;-4.8
2024.04.12 12:15:26;Buy;0.04;XAUUSD;2396.44;0.04;2024.04.12 12:17:51;2395.05;;;-5.5600000000000005
2024.04.12 11:55:14;Sell;0.04;XAUUSD;2397.45;0.04;2024.04.12 12:15:21;2396.2;;;5
2024.04.12 11:55:13;Sell;0.04;XAUUSD;2397.57;0.04;2024.04.12 12:15:21;2396.2;;;5.48
2024.04.12 11:46:45;Buy;0.04;XAUUSD;2395.86;0.04;2024.04.12 11:54:38;2397.52;;;6.64
2024.04.12 11:46:44;Buy;0.04;XAUUSD;2395.86;0.04;2024.04.12 11:54:38;2397.52;;;6.64
2024.04.12 11:46:45;Buy;0.04;XAUUSD;2395.7;0.04;2024.04.12 11:54:37;2397.52;;;7.28
2024.04.12 11:00:47;Sell;0.04;XAUUSD;2399.09;0.04;2024.04.12 11:46:15;2395.13;;;15.84
2024.04.12 11:00:48;Sell;0.04;XAUUSD;2399.03;0.04;2024.04.12 11:46:14;2395.13;;;15.6
2024.04.12 11:00:49;Sell;0.04;XAUUSD;2399.6;0.04;2024.04.12 11:46:13;2395.13;;;17.88
2024.04.12 10:58:11;Buy;0.04;XAUUSD;2399.87;0.04;2024.04.12 11:00:45;2399.17;;;-2.8
2024.04.12 10:58:10;Buy;0.04;XAUUSD;2399.84;0.04;2024.04.12 11:00:41;2399.08;;;-3.04
2024.04.12 10:21:43;Sell;0.04;XAUUSD;2396.56;0.04;2024.04.12 10:58:08;2399.55;;;-11.96
2024.04.12 10:24:06;Sell;0.04;XAUUSD;2395.28;0.04;2024.04.12 10:58:07;2399.39;;;-16.44
2024.04.12 10:14:07;Buy;0.04;XAUUSD;2397.41;0.04;2024.04.12 10:19:38;2396.99;;;-1.6800000000000002
2024.04.12 10:14:08;Buy;0.04;XAUUSD;2397.47;0.04;2024.04.12 10:19:36;2396.91;;;-2.24
2024.04.12 10:11:26;Sell;0.04;XAUUSD;2395.39;0.04;2024.04.12 10:12:18;2396.48;;;-4.36
2024.04.12 10:09:34;Buy;0.04;XAUUSD;2397.35;0.04;2024.04.12 10:11:11;2395.8;;;-6.2
2024.04.12 10:09:39;Buy;0.04;XAUUSD;2398.12;0.04;2024.04.12 10:11:08;2395.92;;;-8.8
2024.04.12 10:08:10;Buy;0.04;XAUUSD;2395.13;0.04;2024.04.12 10:09:22;2396.79;;;6.64
2024.04.12 09:47:32;Sell;0.04;XAUUSD;2393.49;0.04;2024.04.12 10:09:02;2395.85;;;-9.44
2024.04.12 09:43:20;Sell;0.04;XAUUSD;2391.7;0.04;2024.04.12 09:45:33;2393.81;;;-8.44
2024.04.12 09:39:00;Sell;0.04;XAUUSD;2392.07;0.04;2024.04.12 09:42:21;2393.3;;;-4.92
2024.04.12 09:34:58;Sell;0.04;XAUUSD;2390.32;0.04;2024.04.12 09:36:45;2391.64;;;-5.28
2024.04.12 09:03:14;Buy;0.04;XAUUSD;2388.12;0.04;2024.04.12 09:09:40;2385.38;;;-10.96
2024.04.12 07:52:12;Buy;0.04;XAUUSD;2386.51;0.04;2024.04.12 07:58:30;2383.785;;;-10.9
2024.04.11 15:05:37;Buy;0.04;XAUUSD;2337.33;0.04;2024.04.11 15:06:50;2338.18;;;3.4
2024.04.11 14:56:12;Sell;0.04;XAUUSD;2339.17;0.04;2024.04.11 15:05:01;2337.14;;;8.12
2024.04.11 14:37:08;Sell;0.04;XAUUSD;2336.43;0.04;2024.04.11 14:54:15;2339.66;;;-12.92
2024.04.11 11:07:20;Sell;0.04;XAUUSD;2334.36;0.04;2024.04.11 11:14:31;2333.01;;;5.4
2024.04.10 15:29:28;Buy;0.04;XAUUSD;2349.825;0.04;2024.04.10 15:30:01;2347.885;;;-7.76
2024.04.10 09:57:25;Buy;0.04;XAUUSD;2354.99;0.04;2024.04.10 10:00:50;2357.35;;;9.44
2024.04.10 08:18:25;Buy;0.04;XAUUSD;2358.245;0.04;2024.04.10 08:27:25;2359.755;;;6.04
2024.04.09 19:07:35;Buy;0.04;XAUUSD;2342.7;0.04;2024.04.09 19:14:09;2344.69;;;7.96
2024.04.09 18:58:09;Buy;0.04;XAUUSD;2339.82;0.04;2024.04.09 19:04:23;2341.62;;;7.2
2024.04.09 18:56:23;Sell;0.04;XAUUSD;2339.17;0.04;2024.04.09 18:58:06;2339.435;;;-1.06
2024.04.09 18:55:27;Buy;0.04;XAUUSD;2342.285;0.04;2024.04.09 18:56:09;2339.68;;;-10.42
2024.04.09 18:53:08;Buy;0.04;XAUUSD;2343.35;0.04;2024.04.09 18:54:10;2341.425;;;-7.7
2024.04.09 18:51:12;Sell;0.04;XAUUSD;2343.01;0.04;2024.04.09 18:51:42;2342.03;;;3.92
2024.04.09 18:35:31;Buy;0.04;XAUUSD;2345.965;0.04;2024.04.09 18:50:04;2344.74;;;-4.9
2024.04.09 12:10:27;Sell;0.04;XAUUSD;2358.78;0.04;2024.04.09 12:13:37;2359.56;;;-3.12
2024.04.09 11:51:15;Sell;0.04;XAUUSD;2358.55;0.04;2024.04.09 11:53:59;2357.365;;;4.74
2024.04.09 11:30:27;Buy;0.04;XAUUSD;2356.27;0.04;2024.04.09 11:35:16;2357.37;;;4.4
2024.04.09 11:29:31;Sell;0.04;XAUUSD;2356.15;0.04;2024.04.09 11:30:48;2355.96;;;0.76
2024.04.09 11:05:40;Buy;0.04;XAUUSD;2352.41;0.04;2024.04.09 11:23:13;2354.33;;;7.68
2024.04.09 10:56:11;Buy;0.04;XAUUSD;2354.21;0.04;2024.04.09 11:00:59;2352.63;;;-6.32
2024.04.09 08:10:11;Buy;0.04;XAUUSD;2346.01;0.04;2024.04.09 08:36:57;2347.36;;;5.4
2024.04.08 18:39:46;Sell;0.04;XAUUSD;2329.9;0.04;2024.04.08 18:51:14;2328.165;;;6.9399999999999995
2024.04.08 14:24:16;Sell;0.04;XAUUSD;2339.49;0.04;2024.04.08 14:42:30;2337.99;;;6
2024.04.08 14:03:25;Sell;0.04;XAUUSD;2338.755;0.04;2024.04.08 14:03:49;2338.36;;;1.58
2024.04.08 08:38:07;Buy;0.04;XAUUSD;2334.24;0.04;2024.04.08 08:45:21;2337.27;;;12.12
2024.04.08 08:10:44;Sell;0.04;XAUUSD;2338.945;0.04;2024.04.08 08:29:09;2342.21;;;-13.06
2024.04.08 07:46:55;Sell;0.04;XAUUSD;2340.43;0.04;2024.04.08 07:56:02;2343.2;;;-11.08
2024.04.05 16:34:20;Buy;0.04;XAUUSD;2294;0.04;2024.04.05 16:36:18;2295.78;;;7.12
2024.04.05 16:32:14;Buy;0.04;XAUUSD;2293.98;0.04;2024.04.05 16:33:04;2293.83;;;-0.6
2024.04.05 16:18:58;Buy;0.04;XAUUSD;2298.13;0.04;2024.04.05 16:20:29;2296.65;;;-5.92
2024.04.05 16:12:25;Buy;0.04;XAUUSD;2289.37;0.04;2024.04.05 16:17:14;2292.33;;;11.84
2024.04.05 15:29:58;Buy;0.04;XAUUSD;2296.005;0.04;2024.04.05 15:30:01;2286.725;;;-37.12
2024.04.05 15:30:01;Sell;0.04;XAUUSD;2286.725;0.04;2024.04.05 15:30:01;2285;;;6.9
2024.04.05 13:30:23;Buy;0.04;XAUUSD;2293.29;0.04;2024.04.05 14:13:35;2292.47;;;-3.2800000000000002
2024.04.04 15:01:17;Sell;0.04;XAUUSD;2288.63;0.04;2024.04.04 15:02:16;2287.22;;;5.64
2024.04.04 13:55:07;Buy;0.04;XAUUSD;2294.77;0.04;2024.04.04 14:35:36;2292.34;;;-9.72
2024.04.04 11:02:44;Sell;0.04;XAUUSD;2293.11;0.04;2024.04.04 12:00:10;2291.15;;;7.84
2024.04.04 10:16:51;Sell;0.04;XAUUSD;2293.695;0.04;2024.04.04 10:30:42;2296.08;;;-9.54
2024.04.03 16:02:40;Buy;0.04;XAUUSD;2275.525;0.04;2024.04.03 16:07:58;2276.95;;;5.7
2024.04.03 10:20:45;Sell;0.04;XAUUSD;2274.78;0.04;2024.04.03 10:25:26;2274.18;;;2.4
2024.04.03 10:16:59;Sell;0.04;XAUUSD;2277.01;0.04;2024.04.03 10:19:36;2275.64;;;5.48
2024.04.02 13:02:48;Sell;0.04;XAUUSD;2259.38;0.04;2024.04.02 13:06:40;2257.93;;;5.8
2024.04.02 09:13:07;Buy;0.04;XAUUSD;2254.46;0.04;2024.04.02 09:52:25;2255.97;;;6.04
2024.04.02 08:34:14;Sell;0.04;XAUUSD;2253.785;0.04;2024.04.02 09:12:58;2254.445;;;-2.64
2024.04.01 15:02:12;Sell;0.04;XAUUSD;2246.415;0.04;2024.04.01 15:07:01;2244.53;;;7.54
2024.04.01 11:44:28;Sell;0.04;XAUUSD;2256.79;0.04;2024.04.01 12:26:11;2255.045;;;6.98
2024.04.01 09:20:14;Buy;0.04;XAUUSD;2261.815;0.04;2024.04.01 09:49:15;2259.325;;;-9.96
2024.03.28 14:33:37;Sell;0.04;XAUUSD;2208.89;0.04;2024.03.28 14:34:46;2208.26;;;2.52
2024.03.28 14:09:26;Buy;0.04;XAUUSD;2214.49;0.04;2024.03.28 14:17:02;2215.59;;;4.4
2024.03.28 13:46:27;Sell;0.04;XAUUSD;2208.72;0.04;2024.03.28 13:58:02;2211.73;;;-12.04
2024.03.28 13:20:30;Buy;0.04;XAUUSD;2212.66;0.04;2024.03.28 13:34:06;2210.3;;;-9.44
2024.03.28 07:35:38;Buy;0.04;XAUUSD;2196.54;0.04;2024.03.28 07:43:12;2197.81;;;5.08
2024.03.27 13:47:50;Sell;0.04;XAUUSD;2190.14;0.04;2024.03.27 13:51:51;2189.04;;;4.4
2024.03.27 09:53:41;Buy;0.04;XAUUSD;2180.94;0.04;2024.03.27 10:17:52;2182.39;;;5.8
2024.03.26 14:40:18;Sell;0.04;XAUUSD;2192.69;0.04;2024.03.26 14:41:17;2190.94;;;7
2024.03.26 10:18:24;Buy;0.04;XAUUSD;2174.99;0.04;2024.03.26 10:23:50;2176.34;;;5.4
2024.03.25 13:30:26;Buy;0.04;XAUUSD;2171.67;0.04;2024.03.25 13:50:28;2169.3;;;-9.48
2024.03.25 08:00:22;Buy;0.03;XAUUSD;2170.39;0.03;2024.03.25 08:41:25;2164.78;;;-16.83
2024.03.22 14:16:25;Buy;0.03;XAUUSD;2172.04;0.03;2024.03.22 14:18:38;2172.87;;;2.49
2024.03.22 11:16:43;Buy;0.03;XAUUSD;2169.83;0.03;2024.03.22 11:37:45;2166.72;;;-9.33
2024.03.21 12:47:11;Sell;0.03;XAUUSD;2207.61;0.03;2024.03.21 13:26:00;2206.11;;;4.5
2024.03.21 08:03:06;Buy;0.03;XAUUSD;2205.36;0.03;2024.03.21 08:05:51;2206.88;;;4.5600000000000005
2024.03.20 20:00:02;Buy;0.03;XAUUSD;2160.085;0.03;2024.03.20 20:00:04;2164.2;;;12.35
2024.03.20 10:38:56;Sell;0.03;XAUUSD;2155.95;0.03;2024.03.20 11:42:42;2155.98;;;-0.09
2024.03.19 15:16:33;Sell;0.03;XAUUSD;2155.93;0.03;2024.03.19 15:30:58;2154.63;;;3.9
2024.03.19 15:04:49;Buy;0.03;XAUUSD;2158.52;0.03;2024.03.19 15:11:40;2156.34;;;-6.54
2024.03.19 08:30:06;Sell;0.03;XAUUSD;2155.67;0.03;2024.03.19 10:07:09;2154.21;;;4.38
2024.03.18 15:15:41;Sell;0.03;XAUUSD;2157.6;0.03;2024.03.18 15:27:14;2156.73;;;2.61
2024.03.18 09:09:52;Buy;0.03;XAUUSD;2148.93;0.03;2024.03.18 09:27:57;2150.35;;;4.26
2024.03.18 08:06:33;Sell;0.03;XAUUSD;2147.7;0.03;2024.03.18 08:51:01;2148.83;;;-3.39
2024.03.18 07:31:41;Sell;0.03;XAUUSD;2146.09;0.03;2024.03.18 07:36:42;2148.23;;;-6.42
2024.03.15 13:08:02;Sell;0.04;XAUUSD;2167.28;0.04;2024.03.15 13:23:29;2167.15;;;0.52
2024.03.15 07:10:38;Buy;0.04;XAUUSD;2165.46;0.04;2024.03.15 07:48:12;2167.62;;;8.64
2024.03.14 14:05:13;Sell;0.04;XAUUSD;2167.22;0.04;2024.03.14 14:30:02;2163.697;;;14.09
2024.03.14 06:33:33;Sell;0.04;XAUUSD;2171;0.04;2024.03.14 07:50:41;2169.57;;;5.72
2024.03.13 15:42:42;Sell;0.02;XAUUSD;2169.34;0.02;2024.03.13 15:51:05;2165.1;;;8.48
2024.03.13 12:58:24;Sell;0.02;XAUUSD;2163.02;0.02;2024.03.13 15:51:05;2165.1;;;-4.16
2024.03.13 15:40:36;Buy;0.02;XAUUSD;2170.99;0.02;2024.03.13 15:42:17;2169.46;;;-3.06
2024.03.13 15:39:29;Buy;0.02;XAUUSD;2170.1;0.02;2024.03.13 15:41:41;2170.13;;;0.06
2024.03.13 15:32:40;Buy;0.04;XAUUSD;2164.28;0.04;2024.03.13 15:36:27;2166.36;;;8.32
2024.03.13 14:02:37;Buy;0.04;XAUUSD;2163.98;0.04;2024.03.13 14:23:17;2165.92;;;7.76
2024.03.13 05:31:48;Buy;0.04;XAUUSD;2160.74;0.04;2024.03.13 05:43:37;2158.31;;;-9.72
2024.03.12 15:46:30;Buy;0.04;XAUUSD;2159;0.04;2024.03.12 15:50:35;2161.54;;;10.16
2024.03.12 15:00:00;Sell;0.04;XAUUSD;2169.79;0.04;2024.03.12 15:00:06;2169.83;;;-0.16
2024.03.12 14:30:01;Sell;0.04;XAUUSD;2162.26;0.04;2024.03.12 14:30:02;2162.5;;;-0.96
2024.03.12 07:43:18;Sell;0.04;XAUUSD;2176.11;0.04;2024.03.12 07:44:20;2174.595;;;6.06
2024.03.11 15:50:20;Buy;0.04;XAUUSD;2184.18;0.04;2024.03.11 15:55:30;2181.18;;;-12
2024.03.11 15:33:30;Buy;0.04;XAUUSD;2180.47;0.04;2024.03.11 15:36:00;2181.27;;;3.2
2024.03.11 15:09:50;Sell;0.04;XAUUSD;2176.29;0.04;2024.03.11 15:24:23;2178.62;;;-9.32
2024.03.11 13:10:11;Sell;0.04;XAUUSD;2176.87;0.04;2024.03.11 13:39:37;2179.17;;;-9.2
2024.03.11 11:40:41;Buy;0.04;XAUUSD;2178.89;0.04;2024.03.11 11:46:55;2180.39;;;6
2024.03.11 09:51:59;Buy;0.04;XAUUSD;2181.65;0.04;2024.03.11 10:02:02;2182.85;;;4.8
2024.03.11 09:01:24;Buy;0.04;XAUUSD;2179.83;0.04;2024.03.11 09:02:21;2179.43;;;-1.6
2024.03.08 15:30:45;Buy;0.04;XAUUSD;2168.205;0.04;2024.03.08 15:30:52;2170.37;;;8.66
2024.03.08 15:29:58;Sell;0.04;XAUUSD;2163.145;0.04;2024.03.08 15:30:03;2161;;;8.58
2024.03.08 10:21:47;Buy;0.04;XAUUSD;2163.49;0.04;2024.03.08 10:28:40;2164.79;;;5.2
2024.03.08 06:16:26;Buy;0.04;XAUUSD;2158.92;0.04;2024.03.08 06:37:19;2157.35;;;-6.28
2024.03.07 15:05:13;Buy;0.04;XAUUSD;2160.04;0.04;2024.03.07 15:05:52;2161.15;;;4.44
2024.03.07 09:01:07;Buy;0.04;XAUUSD;2155.96;0.04;2024.03.07 09:34:02;2156.81;;;3.4
2024.03.07 05:57:56;Buy;0.04;XAUUSD;2151.95;0.04;2024.03.07 06:24:12;2155.96;;;16.04
2024.03.06 16:48:07;Sell;0.04;XAUUSD;2148;0.04;2024.03.06 17:27:18;2143.165;;;19.34
2024.03.06 14:30:10;Buy;0.04;XAUUSD;2133.43;0.04;2024.03.06 14:56:23;2134.88;;;5.8
2024.03.06 09:16:46;Buy;0.04;XAUUSD;2129.25;0.04;2024.03.06 09:39:49;2130.82;;;6.28
2024.03.05 11:03:11;Buy;0.04;XAUUSD;2119.75;0.04;2024.03.05 11:14:16;2122.05;;;9.2
2024.03.05 10:31:21;Buy;0.05;XAUUSD;2121.61;0.05;2024.03.05 10:34:43;2121.64;;;0.15
2024.03.05 10:30:44;Buy;0.04;XAUUSD;2120.96;0.04;2024.03.05 10:32:45;2122.51;;;6.2
2024.03.05 10:21:36;Sell;0.04;XAUUSD;2118.19;0.04;2024.03.05 10:29:19;2120.84;;;-10.6
2024.03.05 08:29:34;Sell;0.04;XAUUSD;2116.65;0.04;2024.03.05 09:14:23;2115.18;;;5.88
2024.03.04 18:11:59;Sell;0.03;XAUUSD;2110;0.03;2024.03.04 18:13:52;2115.81;;;-17.43
2024.03.04 16:52:32;Sell;0.03;XAUUSD;2099.1;0.03;2024.03.04 17:51:13;2104.53;;;-16.29
2024.03.04 15:52:08;Sell;0.03;XAUUSD;2087.052;0.03;2024.03.04 15:57:48;2091;;;-11.84
2024.03.04 10:29:53;Sell;0.03;XAUUSD;2085.008;0.03;2024.03.04 14:02:12;2082.45;;;7.67
2024.02.23 09:37:54;Sell;0.01;USDJPY;150.575;0.01;2024.03.01 08:22:16;150.401;;-0.36;1.16
2024.02.21 13:38:27;Sell;0.01;XAUUSD;2028.23;0.01;2024.02.21 18:22:45;2025.6;;;2.63
2024.02.21 07:21:54;Sell;0.01;XAUUSD;2029.71;0.01;2024.02.21 12:37:11;2029.68;;;0.03
2024.02.19 01:01:00;Sell;0.01;XAUUSD;2014;0.01;2024.02.19 02:25:20;2017.36;;;-3.36
2024.02.15 08:07:23;Buy;0.02;XAUUSD;1993;0.02;2024.02.15 13:24:37;1995.745;;;5.49
2024.02.08 21:33:35;Sell;0.01;USDCHF;0.87412;0.01;2024.02.12 15:35:58;0.8764;;-0.18;-2.6
2024.02.08 21:33:34;Sell;0.01;USDCHF;0.87413;0.01;2024.02.12 15:35:58;0.8764;;-0.18;-2.59
2024.02.08 17:34:53;Buy;0.01;EURUSD;1.07613;0.01;2024.02.08 19:21:10;1.07735;;;1.22
2024.02.07 10:05:08;Sell;0.02;GBPCAD;1.70138;0.02;2024.02.07 12:21:02;1.7035;;;-3.15
2024.02.07 10:03:11;Buy;0.02;GBPCAD;1.70208;0.02;2024.02.07 10:05:03;1.7014;;;-1.01
2024.01.30 06:47:58;Sell;0.01;GBPJPY;187.25;0.01;2024.02.05 17:13:37;186.289;;-0.37;6.47
2024.01.30 06:47:21;Sell;0.01;GBPJPY;187.254;0.01;2024.02.05 17:13:37;186.289;;-0.37;6.5
2024.01.30 06:47:21;Sell;0.01;GBPJPY;187.254;0.01;2024.02.05 17:13:37;186.289;;-0.37;6.5
2024.01.30 06:47:21;Sell;0.01;GBPJPY;187.254;0.01;2024.02.05 17:13:37;186.289;;-0.37;6.5
2024.01.30 06:47:20;Sell;0.01;GBPJPY;187.254;0.01;2024.02.05 17:13:37;186.289;;-0.37;6.5
2024.01.30 06:47:20;Sell;0.01;GBPJPY;187.254;0.01;2024.02.05 17:13:37;186.289;;-0.37;6.5
2024.01.30 06:47:20;Sell;0.01;GBPJPY;187.254;0.01;2024.02.05 17:13:37;186.289;;-0.37;6.5
2024.01.30 06:47:19;Sell;0.01;GBPJPY;187.254;0.01;2024.02.05 17:13:37;186.289;;-0.37;6.5
2024.01.30 06:47:19;Sell;0.01;GBPJPY;187.254;0.01;2024.02.05 17:13:37;186.289;;-0.37;6.5
2024.01.31 18:04:57;Buy;0.01;GBPJPY;186.212;0.01;2024.02.05 17:13:36;187.252;;;0
2024.01.31 18:04:57;Buy;0.01;GBPJPY;186.213;0.01;2024.02.05 17:13:36;187.224;;;0
2024.01.30 06:48:09;Sell;0.01;GBPJPY;187.224;0.01;2024.02.05 17:13:36;186.213;;-0.37;6.8100000000000005
2024.01.30 06:47:59;Sell;0.01;GBPJPY;187.252;0.01;2024.02.05 17:13:36;186.212;;-0.37;7
2024.01.31 18:03:06;Buy;0.01;GBPJPY;186.2;0.01;2024.02.05 17:13:35;187.223;;;0
2024.01.31 18:03:06;Buy;0.01;GBPJPY;186.198;0.01;2024.02.05 17:13:35;187.224;;;0
2024.01.30 06:48:12;Sell;0.01;GBPJPY;187.224;0.01;2024.02.05 17:13:35;186.198;;-0.37;6.91
2024.01.30 06:48:10;Sell;0.01;GBPJPY;187.223;0.01;2024.02.05 17:13:35;186.2;;-0.37;6.89
2024.01.30 06:47:20;Sell;0.01;GBPJPY;187.254;0.01;2024.02.05 17:13:16;186.276;;-0.37;6.58
2024.01.30 06:47:20;Sell;0.01;GBPJPY;187.254;0.01;2024.02.05 17:13:13;186.281;;-0.37;6.55
2024.01.30 06:47:19;Sell;0.01;GBPJPY;187.254;0.01;2024.02.05 17:13:10;186.283;;-0.37;6.54
2024.01.30 06:47:19;Sell;0.01;GBPJPY;187.254;0.01;2024.02.05 17:13:07;186.288;;-0.37;6.5
2024.01.30 06:47:11;Sell;0.01;GBPJPY;187.251;0.01;2024.02.05 17:13:04;186.286;;-0.37;6.5
2024.01.31 18:03:08;Buy;0.01;GBPJPY;186.211;0.01;2024.02.05 17:13:01;186.24;;;0.2
2024.01.31 18:04:55;Buy;0.01;GBPJPY;186.214;0.01;2024.02.05 17:12:58;186.239;;;0.17
2024.01.31 18:04:54;Buy;0.01;GBPJPY;186.213;0.01;2024.02.05 17:12:56;186.244;;;0.21
2024.01.31 18:04:51;Buy;0.01;GBPJPY;186.198;0.01;2024.02.05 17:12:54;186.248;;;0.34
2024.01.31 18:03:08;Buy;0.01;GBPJPY;186.214;0.01;2024.02.05 17:12:51;186.239;;;0.17
2024.02.05 16:48:22;Buy;0.03;USDJPY;148.419;0.03;2024.02.05 17:07:07;148.563;;;2.91
2024.01.31 18:03:08;Buy;0.01;GBPJPY;186.21;0.01;2024.02.05 11:23:06;187.188;;;6.59
2024.01.31 18:03:09;Buy;0.01;GBPJPY;186.211;0.01;2024.02.05 11:23:02;187.19;;;6.6
2024.01.31 18:04:52;Buy;0.01;GBPJPY;186.206;0.01;2024.02.05 11:22:59;187.194;;;6.66
2024.01.31 18:03:09;Buy;0.01;GBPJPY;186.213;0.01;2024.02.05 11:22:55;187.195;;;6.62
2024.01.31 18:04:52;Buy;0.01;GBPJPY;186.197;0.01;2024.02.05 11:22:52;187.196;;;6.73
2024.01.30 06:47:15;Sell;0.01;GBPJPY;187.254;0.01;2024.02.05 11:22:49;187.239;;-0.37;0.1
2024.01.30 06:47:21;Sell;0.01;GBPJPY;187.254;0.01;2024.02.05 11:22:45;187.242;;-0.37;0.08
2024.01.30 06:47:19;Sell;0.01;GBPJPY;187.254;0.01;2024.02.05 11:22:38;187.241;;-0.37;0.09
2024.01.30 06:47:19;Sell;0.01;GBPJPY;187.254;0.01;2024.02.05 11:22:34;187.238;;-0.37;0.11
2024.01.30 06:47:15;Sell;0.01;GBPJPY;187.254;0.01;2024.02.05 11:22:31;187.247;;-0.37;0.05
2024.01.30 06:47:11;Sell;0.01;GBPJPY;187.251;0.01;2024.02.05 07:15:52;187.186;;-0.37;0.44
2024.01.30 06:47:58;Sell;0.01;GBPJPY;187.251;0.01;2024.02.05 07:15:50;187.187;;-0.37;0.43
2024.01.30 06:48:08;Sell;0.01;GBPJPY;187.241;0.01;2024.02.05 07:15:48;187.188;;-0.37;0.36
2024.01.30 06:48:06;Sell;0.01;GBPJPY;187.236;0.01;2024.02.05 07:15:45;187.189;;-0.37;0.32
2024.01.31 18:03:08;Buy;0.01;GBPJPY;186.21;0.01;2024.02.05 07:15:41;187.143;;;6.28
2024.01.31 18:03:08;Buy;0.01;GBPJPY;186.209;0.01;2024.02.05 07:15:38;187.135;;;6.24
2024.01.31 18:04:52;Buy;0.01;GBPJPY;186.207;0.01;2024.02.05 07:15:36;187.132;;;6.23
2024.01.31 18:03:07;Buy;0.01;GBPJPY;186.206;0.01;2024.02.05 07:15:34;187.133;;;6.24
2024.01.31 18:03:07;Buy;0.01;GBPJPY;186.206;0.01;2024.02.05 07:15:14;187.134;;;6.25
2024.01.31 18:03:07;Buy;0.01;GBPJPY;186.204;0.01;2024.02.05 07:15:11;187.14;;;6.3
2024.01.31 18:03:07;Buy;0.01;GBPJPY;186.204;0.01;2024.02.05 07:15:08;187.146;;;6.34
2024.01.31 18:03:07;Buy;0.01;GBPJPY;186.201;0.01;2024.02.05 07:15:06;187.148;;;6.38
2024.01.31 18:03:07;Buy;0.01;GBPJPY;186.204;0.01;2024.02.05 07:15:04;187.147;;;6.35
2024.01.30 06:48:08;Sell;0.01;GBPJPY;187.24;0.01;2024.02.05 07:14:58;187.195;;-0.37;0.3
2024.01.30 06:48:06;Sell;0.01;GBPJPY;187.24;0.01;2024.02.05 07:14:55;187.197;;-0.37;0.29
2024.01.30 06:48:07;Sell;0.01;GBPJPY;187.24;0.01;2024.02.05 07:14:53;187.197;;-0.37;0.29
2024.01.30 06:48:07;Sell;0.01;GBPJPY;187.24;0.01;2024.02.05 07:14:51;187.193;;-0.37;0.32
2024.01.30 06:48:05;Sell;0.01;GBPJPY;187.236;0.01;2024.02.05 07:14:48;187.193;;-0.37;0.29
2024.01.31 18:04:55;Buy;0.01;GBPJPY;186.214;0.01;2024.02.02 22:28:25;187.449;;;8.33
2024.01.31 18:04:52;Buy;0.01;GBPJPY;186.204;0.01;2024.02.02 22:28:20;187.446;;;8.37
2024.01.31 18:04:55;Buy;0.01;GBPJPY;186.214;0.01;2024.02.02 22:28:16;187.456;;;8.37
2024.01.30 06:47:19;Sell;0.01;GBPJPY;187.254;0.01;2024.02.02 22:28:12;187.498;;-0.31;-1.65
2024.01.30 06:47:19;Sell;0.01;GBPJPY;187.254;0.01;2024.02.02 22:28:09;187.497;;-0.31;-1.6400000000000001
2024.01.30 06:48:20;Sell;0.01;GBPJPY;187.212;0.01;2024.02.02 22:28:05;187.498;;-0.31;-1.9300000000000002
2024.01.30 06:48:18;Sell;0.01;GBPJPY;187.21;0.01;2024.02.02 07:45:19;186.803;;-0.31;2.7800000000000002
2024.01.30 06:48:19;Sell;0.01;GBPJPY;187.211;0.01;2024.02.02 07:45:16;186.801;;-0.31;2.8
2024.01.30 06:48:19;Sell;0.01;GBPJPY;187.211;0.01;2024.02.02 07:45:14;186.815;;-0.31;2.7
2024.01.30 06:48:20;Sell;0.01;GBPJPY;187.212;0.01;2024.02.02 07:45:11;186.814;;-0.31;2.7199999999999998
2024.01.31 18:24:55;Buy;0.01;GBPJPY;186.184;0.01;2024.02.02 07:45:04;186.771;;;4.01
2024.01.31 18:24:53;Buy;0.01;GBPJPY;186.188;0.01;2024.02.02 07:45:01;186.771;;;3.98
2024.01.31 18:04:57;Buy;0.01;GBPJPY;186.212;0.01;2024.02.02 07:44:58;186.773;;;3.83
2024.01.31 18:05:00;Buy;0.01;GBPJPY;186.216;0.01;2024.02.02 07:44:55;186.773;;;3.8
2024.01.31 18:05:00;Buy;0.01;GBPJPY;186.216;0.01;2024.02.01 20:27:05;186.43;;;1.46
2024.01.31 18:03:09;Buy;0.01;GBPJPY;186.217;0.01;2024.02.01 20:27:02;186.43;;;1.45
2024.01.31 18:03:09;Buy;0.01;GBPJPY;186.218;0.01;2024.02.01 20:26:59;186.425;;;1.41
2024.01.31 18:05:03;Buy;0.01;GBPJPY;186.219;0.01;2024.02.01 20:26:56;186.432;;;1.45
2024.01.30 06:47:15;Sell;0.01;GBPJPY;187.254;0.01;2024.02.01 20:26:46;186.469;;-0.25;5.36
2024.01.30 06:47:15;Sell;0.01;GBPJPY;187.254;0.01;2024.02.01 20:26:43;186.471;;-0.25;5.35
2024.01.30 06:47:15;Sell;0.01;GBPJPY;187.254;0.01;2024.02.01 20:26:40;186.467;;-0.25;5.37
2024.01.30 06:47:15;Sell;0.01;GBPJPY;187.254;0.01;2024.02.01 20:26:37;186.464;;-0.25;5.39
2024.01.30 06:47:13;Sell;0.01;GBPJPY;187.255;0.01;2024.02.01 20:17:15;186.394;;-0.25;5.88
2024.01.30 06:47:14;Sell;0.01;GBPJPY;187.254;0.01;2024.02.01 20:17:12;186.393;;-0.25;5.88
2024.01.30 06:47:14;Sell;0.01;GBPJPY;187.254;0.01;2024.02.01 20:17:09;186.394;;-0.25;5.88
2024.01.30 06:47:14;Sell;0.01;GBPJPY;187.254;0.01;2024.02.01 20:17:06;186.391;;-0.25;5.9
2024.01.30 06:47:14;Sell;0.01;GBPJPY;187.254;0.01;2024.02.01 20:17:03;186.395;;-0.25;5.87
2024.01.31 18:05:02;Buy;0.01;GBPJPY;186.218;0.01;2024.02.01 20:16:54;186.345;;;0.87
2024.01.31 18:03:10;Buy;0.01;GBPJPY;186.218;0.01;2024.02.01 20:16:51;186.352;;;0.92
2024.01.31 18:03:09;Buy;0.01;GBPJPY;186.217;0.01;2024.02.01 20:16:48;186.356;;;0.95
2024.01.31 18:03:10;Buy;0.01;GBPJPY;186.218;0.01;2024.02.01 20:16:46;186.355;;;0.94
2024.01.31 18:03:09;Buy;0.01;GBPJPY;186.223;0.01;2024.02.01 20:16:43;186.355;;;0.9
2024.01.30 06:47:13;Sell;0.01;GBPJPY;187.254;0.01;2024.01.31 23:09:51;186.374;;-0.06;5.99
2024.01.31 18:25:13;Buy;0.01;GBPJPY;186.158;0.01;2024.01.31 23:09:47;186.344;;;1.27
2024.01.31 18:24:40;Buy;0.01;GBPJPY;186.185;0.01;2024.01.31 21:49:38;185.995;;;-1.3
2024.01.31 18:24:40;Buy;0.01;GBPJPY;186.181;0.01;2024.01.31 21:49:36;186.013;;;-1.15
2024.01.31 18:24:41;Buy;0.01;GBPJPY;186.181;0.01;2024.01.31 21:49:33;185.995;;;-1.27
2024.01.31 18:24:45;Buy;0.01;GBPJPY;186.186;0.01;2024.01.31 21:49:31;185.993;;;-1.32
2024.01.30 06:47:14;Sell;0.01;GBPJPY;187.254;0.01;2024.01.31 21:49:25;186.053;;-0.06;8.22
2024.01.30 06:47:13;Sell;0.01;GBPJPY;187.254;0.01;2024.01.31 21:49:22;186.063;;-0.06;8.15
2024.01.30 06:47:13;Sell;0.01;GBPJPY;187.254;0.01;2024.01.31 21:49:19;186.049;;-0.06;8.25
2024.01.30 06:47:51;Sell;0.01;GBPJPY;187.259;0.01;2024.01.31 21:49:17;186.045;;-0.06;8.31
2024.01.30 06:47:55;Sell;0.01;GBPJPY;187.259;0.01;2024.01.31 21:48:41;186.01;;-0.06;8.55
2024.01.30 06:47:52;Sell;0.01;GBPJPY;187.259;0.01;2024.01.31 21:48:38;186.02;;-0.06;8.48
2024.01.31 18:24:45;Buy;0.01;GBPJPY;186.183;0.01;2024.01.31 21:48:32;185.969;;;-1.46
2024.01.31 18:24:45;Buy;0.01;GBPJPY;186.183;0.01;2024.01.31 21:48:29;185.97;;;-1.46
2024.01.31 18:24:54;Buy;0.01;GBPJPY;186.188;0.01;2024.01.31 21:48:21;185.96;;;-1.56
2024.01.31 18:25:05;Buy;0.01;GBPJPY;186.157;0.01;2024.01.31 21:48:17;185.97;;;-1.28
2024.01.30 06:47:13;Sell;0.01;GBPJPY;187.255;0.01;2024.01.31 21:48:12;186.025;;-0.06;8.42
2024.01.30 06:47:12;Sell;0.01;GBPJPY;187.255;0.01;2024.01.31 21:48:10;186.02;;-0.06;8.46
2024.01.31 18:24:57;Buy;0.01;GBPJPY;186.163;0.01;2024.01.31 21:48:05;185.984;;;-1.23
2024.01.31 18:24:58;Buy;0.01;GBPJPY;186.163;0.01;2024.01.31 21:48:01;185.978;;;-1.27
2024.01.30 06:47:13;Sell;0.01;GBPJPY;187.254;0.01;2024.01.31 21:47:54;186.032;;-0.06;8.37
2024.01.30 06:48:11;Sell;0.01;GBPJPY;187.224;0.01;2024.01.31 21:47:52;186.013;;-0.06;8.29
2024.01.31 18:05:00;Buy;0.01;GBPJPY;186.224;0.01;2024.01.31 21:47:40;185.972;;;-1.73
2024.01.31 18:25:00;Buy;0.01;GBPJPY;186.155;0.01;2024.01.31 21:47:35;185.978;;;-1.21
2024.01.31 18:24:58;Buy;0.01;GBPJPY;186.164;0.01;2024.01.31 21:47:32;186.003;;;-1.1
2024.01.31 18:25:12;Buy;0.01;GBPJPY;186.16;0.01;2024.01.31 21:47:28;186.018;;;-0.97
2024.01.30 06:47:12;Sell;0.01;GBPJPY;187.255;0.01;2024.01.31 21:47:04;186.086;;-0.06;8
2024.01.30 06:47:12;Sell;0.01;GBPJPY;187.255;0.01;2024.01.31 21:47:01;186.094;;-0.06;7.95
2024.01.30 06:47:11;Sell;0.01;GBPJPY;187.251;0.01;2024.01.31 21:46:58;186.088;;-0.06;7.96
2024.01.30 06:47:12;Sell;0.01;GBPJPY;187.255;0.01;2024.01.31 21:46:56;186.063;;-0.06;8.16
2024.01.31 21:41:41;Buy;0.01;XAUUSD;2048.55;0.01;2024.01.31 21:44:44;2048.71;;;0.16
2024.01.31 21:41:41;Buy;0.01;XAUUSD;2048.55;0.01;2024.01.31 21:44:39;2048.805;;;0.26
2024.01.31 21:41:42;Buy;0.01;XAUUSD;2048.53;0.01;2024.01.31 21:44:36;2049.11;;;0.58
2024.01.31 21:37:11;Sell;0.01;XAUUSD;2043.47;0.01;2024.01.31 21:37:54;2043.17;;;0.3
2024.01.31 21:37:13;Sell;0.01;XAUUSD;2043.54;0.01;2024.01.31 21:37:48;2042.88;;;0.66
2024.01.31 21:37:13;Sell;0.01;XAUUSD;2043.54;0.01;2024.01.31 21:37:45;2042.84;;;0.7
2024.01.31 21:37:13;Sell;0.01;XAUUSD;2043.39;0.01;2024.01.31 21:37:42;2042.75;;;0.64
2024.01.31 18:25:06;Buy;0.01;GBPJPY;186.157;0.01;2024.01.31 21:36:35;186.227;;;0.48
2024.01.31 18:25:09;Buy;0.01;GBPJPY;186.163;0.01;2024.01.31 21:36:31;186.22;;;0.39
2024.01.31 21:35:24;Buy;0.01;XAUUSD;2046.35;0.01;2024.01.31 21:36:27;2044.12;;;-2.23
2024.01.31 21:35:21;Buy;0.01;XAUUSD;2047.33;0.01;2024.01.31 21:36:24;2044.25;;;-3.08
2024.01.31 21:35:21;Buy;0.01;XAUUSD;2047.38;0.01;2024.01.31 21:36:20;2044.35;;;-3.03
2024.01.30 06:47:07;Sell;0.01;GBPJPY;187.253;0.01;2024.01.31 21:36:18;186.281;;-0.06;6.63
2024.01.31 21:35:21;Buy;0.01;XAUUSD;2047.44;0.01;2024.01.31 21:36:13;2044.34;;;-3.1
2024.01.30 06:47:07;Sell;0.01;GBPJPY;187.251;0.01;2024.01.31 21:36:10;186.267;;-0.06;6.71
2024.01.31 21:35:24;Buy;0.01;XAUUSD;2046.7;0.01;2024.01.31 21:36:06;2043.68;;;-3.02
2024.01.31 21:35:54;Buy;0.01;XAUUSD;2045.5;0.01;2024.01.31 21:36:04;2043.705;;;-1.8
2024.01.31 21:34:27;Buy;0.01;XAUUSD;2044.3;0.01;2024.01.31 21:35:16;2045.65;;;1.35
2024.01.31 21:34:28;Buy;0.01;XAUUSD;2044.38;0.01;2024.01.31 21:35:12;2045.41;;;1.03
2024.01.31 21:34:28;Buy;0.01;XAUUSD;2044.25;0.01;2024.01.31 21:35:08;2044.41;;;0.16
2024.01.31 21:34:51;Buy;0.01;XAUUSD;2043.92;0.01;2024.01.31 21:35:03;2044.37;;;0.45
2024.01.31 21:34:51;Buy;0.01;XAUUSD;2043.92;0.01;2024.01.31 21:34:59;2044.39;;;0.47
2024.01.31 18:24:46;Buy;0.01;GBPJPY;186.184;0.01;2024.01.31 21:30:00;186.192;;;0.05
2024.01.31 18:24:46;Buy;0.01;GBPJPY;186.183;0.01;2024.01.31 21:29:56;186.206;;;0.16
2024.01.31 18:25:01;Buy;0.01;GBPJPY;186.154;0.01;2024.01.31 21:29:50;186.211;;;0.39
2024.01.31 18:24:53;Buy;0.01;GBPJPY;186.188;0.01;2024.01.31 21:29:43;186.195;;;0.05
2024.01.30 06:47:11;Sell;0.01;GBPJPY;187.256;0.01;2024.01.31 21:29:36;186.232;;-0.06;6.98
2024.01.30 06:47:56;Sell;0.01;GBPJPY;187.259;0.01;2024.01.31 21:29:34;186.227;;-0.06;7.04
2024.01.30 06:47:11;Sell;0.01;GBPJPY;187.256;0.01;2024.01.31 21:29:31;186.236;;-0.06;6.96
2024.01.30 06:47:53;Sell;0.01;GBPJPY;187.259;0.01;2024.01.31 21:29:28;186.231;;-0.06;7.01
2024.01.30 06:47:55;Sell;0.01;GBPJPY;187.259;0.01;2024.01.31 18:30:41;186.014;;-0.06;8.51
2024.01.30 06:47:57;Sell;0.01;GBPJPY;187.257;0.01;2024.01.31 18:30:39;186.017;;-0.06;8.48
2024.01.30 06:47:57;Sell;0.01;GBPJPY;187.257;0.01;2024.01.31 18:30:35;186.034;;-0.06;8.36
2024.01.31 18:24:45;Buy;0.01;GBPJPY;186.183;0.01;2024.01.31 18:30:33;185.989;;;-1.33
2024.01.31 18:25:00;Buy;0.01;GBPJPY;186.164;0.01;2024.01.31 18:30:27;185.988;;;-1.2
2024.01.30 06:47:54;Sell;0.01;GBPJPY;187.259;0.01;2024.01.31 18:30:04;186.023;;-0.06;8.45
2024.01.30 06:47:54;Sell;0.01;GBPJPY;187.259;0.01;2024.01.31 18:30:02;186.034;;-0.06;8.37
2024.01.30 06:47:53;Sell;0.01;GBPJPY;187.259;0.01;2024.01.31 18:29:59;186.035;;-0.06;8.37
2024.01.31 18:25:09;Buy;0.01;GBPJPY;186.163;0.01;2024.01.31 18:29:55;185.993;;;-1.16
2024.01.31 18:03:06;Buy;0.01;GBPJPY;186.179;0.01;2024.01.31 18:29:51;185.994;;;-1.26
2024.01.31 18:03:06;Buy;0.01;GBPJPY;186.183;0.01;2024.01.31 18:29:42;185.995;;;-1.28
2024.01.31 18:29:16;Balance;;;;;;;;;-400
2024.01.31 18:02:52;Buy;0.05;GBPJPY;186.18;0.05;2024.01.31 18:05:32;186.189;;;0.31
2024.01.31 18:04:52;Buy;0.01;GBPJPY;186.197;0.01;2024.01.31 18:05:17;186.182;;;-0.1
2024.01.31 18:03:06;Buy;0.01;GBPJPY;186.198;0.01;2024.01.31 18:04:36;186.178;;;-0.14
2024.01.31 18:02:51;Buy;0.05;GBPJPY;186.172;0.05;2024.01.31 18:04:29;186.179;;;0.24
2024.01.31 18:02:52;Buy;0.05;GBPJPY;186.177;0.05;2024.01.31 18:04:17;186.187;;;0.34
2024.01.31 18:02:52;Buy;0.05;GBPJPY;186.172;0.05;2024.01.31 18:03:56;186.192;;;0.68
2024.01.31 18:02:52;Buy;0.05;GBPJPY;186.175;0.05;2024.01.31 18:03:40;186.214;;;1.33
2024.01.31 18:02:52;Buy;0.05;GBPJPY;186.178;0.05;2024.01.31 18:03:32;186.19;;;0.41
2024.01.31 18:03:06;Buy;0.01;GBPJPY;186.183;0.01;2024.01.31 18:03:24;186.178;;;-0.03
2024.01.30 06:47:50;Sell;0.01;GBPJPY;187.259;0.01;2024.01.31 17:49:25;186.45;;-0.06;5.53
2024.01.30 06:47:51;Sell;0.01;GBPJPY;187.259;0.01;2024.01.31 17:49:21;186.453;;-0.06;5.51
2023.11.23 12:11:29;Sell;0.01;GBPUSD;1.25559;0.01;2024.01.08 20:46:13;1.27473;;0.38;-19.14
2023.11.23 12:11:24;Sell;0.01;GBPUSD;1.25558;0.01;2024.01.08 20:46:07;1.27468;;0.38;-19.1
2023.11.20 07:34:00;Buy;0.01;GBPUSD;1.2488;0.01;2024.01.08 20:45:58;1.27447;;-3.92;25.67
2023.11.20 07:34:01;Buy;0.01;GBPUSD;1.2488;0.01;2024.01.08 20:45:51;1.27447;;-3.92;25.67
2023.11.20 07:34:04;Buy;0.01;GBPUSD;1.2488;0.01;2024.01.08 20:45:48;1.27446;;-3.92;25.66
2023.11.20 07:34:12;Buy;0.01;GBPUSD;1.24884;0.01;2024.01.08 20:45:44;1.27446;;-3.92;25.62
2023.11.23 12:11:23;Sell;0.01;GBPUSD;1.25558;0.01;2024.01.08 20:45:42;1.27468;;0.38;-19.1
2023.11.23 12:11:22;Sell;0.01;GBPUSD;1.25563;0.01;2024.01.08 20:45:39;1.27465;;0.38;-19.02
2023.11.20 07:34:12;Buy;0.01;GBPUSD;1.24884;0.01;2024.01.08 20:45:33;1.27441;;-3.92;25.57
2023.11.20 07:34:12;Buy;0.01;GBPUSD;1.24884;0.01;2024.01.08 20:45:31;1.27441;;-3.92;25.57
2023.11.23 12:11:20;Sell;0.01;GBPUSD;1.25559;0.01;2024.01.08 20:45:29;1.27464;;0.38;-19.05
2023.11.23 12:11:20;Sell;0.01;GBPUSD;1.25558;0.01;2024.01.08 20:45:21;1.27461;;0.38;-19.03
2023.11.23 12:11:23;Sell;0.01;GBPUSD;1.25559;0.01;2024.01.08 13:55:14;1.26982;;0.38;-14.23
2023.11.23 12:11:17;Sell;0.01;GBPUSD;1.25558;0.01;2024.01.08 13:55:10;1.26984;;0.38;-14.26
2023.11.20 07:34:10;Buy;0.01;GBPUSD;1.24882;0.01;2024.01.08 13:55:07;1.26963;;-3.92;20.81
2023.11.20 07:34:10;Buy;0.01;GBPUSD;1.24882;0.01;2024.01.08 13:55:04;1.2696;;-3.92;20.78
2023.11.20 07:34:14;Buy;0.01;GBPUSD;1.2488299999999999;0.01;2024.01.03 20:15:05;1.26499;;-3.52;16.16
2023.11.20 07:34:14;Buy;0.01;GBPUSD;1.2488299999999999;0.01;2024.01.03 20:15:03;1.26498;;-3.52;16.15
2023.11.23 12:11:19;Sell;0.01;GBPUSD;1.25558;0.01;2024.01.03 20:15:01;1.26522;;0.34;-9.64
2023.11.23 12:11:20;Sell;0.01;GBPUSD;1.25558;0.01;2024.01.03 20:14:58;1.26522;;0.34;-9.64
2023.11.20 07:34:14;Buy;0.01;GBPUSD;1.2488299999999999;0.01;2024.01.03 20:14:55;1.26502;;-3.52;16.19
2023.11.20 07:34:13;Buy;0.01;GBPUSD;1.2488299999999999;0.01;2024.01.03 20:14:53;1.26502;;-3.52;16.19
2023.11.23 12:11:20;Sell;0.01;GBPUSD;1.25558;0.01;2024.01.03 20:14:51;1.26522;;0.34;-9.64
2023.11.23 12:11:20;Sell;0.01;GBPUSD;1.25558;0.01;2024.01.03 20:14:48;1.26528;;0.34;-9.7
2023.11.23 12:11:20;Sell;0.01;GBPUSD;1.25558;0.01;2023.12.28 15:44:26;1.27644;;0.3;-20.86
2023.11.20 07:34:09;Buy;0.01;GBPUSD;1.2488299999999999;0.01;2023.12.28 15:44:23;1.27622;;-3.2;27.39
2023.11.23 12:11:21;Sell;0.01;GBPUSD;1.25558;0.01;2023.12.28 15:43:49;1.27676;;0.3;-21.18
2023.11.20 07:34:10;Buy;0.01;GBPUSD;1.24882;0.01;2023.12.28 15:43:46;1.27649;;-3.2;27.67
2023.11.23 12:11:21;Sell;0.01;GBPUSD;1.25558;0.01;2023.12.26 12:31:45;1.26923;;0.27;-13.65
2023.11.23 12:11:22;Sell;0.01;GBPUSD;1.25558;0.01;2023.12.26 12:31:42;1.26923;;0.27;-13.65
2023.11.20 07:34:05;Buy;0.01;GBPUSD;1.2488;0.01;2023.12.26 12:31:39;1.26895;;-2.88;20.15
2023.11.20 07:34:01;Buy;0.01;GBPUSD;1.2488;0.01;2023.12.26 12:31:35;1.26899;;-2.88;20.19
2023.11.23 12:11:22;Sell;0.01;GBPUSD;1.25558;0.01;2023.12.26 12:31:32;1.26926;;0.27;-13.68
2023.11.23 12:11:23;Sell;0.01;GBPUSD;1.25558;0.01;2023.12.26 12:31:29;1.2692999999999999;;0.27;-13.72
2023.11.20 07:34:05;Buy;0.01;GBPUSD;1.2488;0.01;2023.12.26 12:31:26;1.26909;;-2.88;20.29
2023.11.20 07:34:05;Buy;0.01;GBPUSD;1.2488;0.01;2023.12.26 12:31:23;1.26909;;-2.88;20.29
2023.11.20 07:34:03;Buy;0.01;GBPUSD;1.2488;0.01;2023.12.26 12:31:20;1.2691;;-2.88;20.3
2023.11.20 07:34:04;Buy;0.01;GBPUSD;1.2488;0.01;2023.12.26 12:31:18;1.26909;;-2.88;20.29
2023.11.23 12:11:21;Sell;0.01;GBPUSD;1.25559;0.01;2023.12.26 12:31:15;1.26942;;0.27;-13.83
2023.11.23 12:11:17;Sell;0.01;GBPUSD;1.25558;0.01;2023.12.26 12:31:11;1.26943;;0.27;-13.85
2023.11.20 07:34:05;Buy;0.01;GBPUSD;1.2488;0.01;2023.12.19 13:55:17;1.27043;;-2.32;21.63
2023.11.23 12:11:22;Sell;0.01;GBPUSD;1.25565;0.01;2023.12.19 13:55:14;1.27068;;0.21;-15.03
2023.11.23 12:11:28;Sell;0.01;GBPUSD;1.25558;0.01;2023.12.18 18:07:43;1.26489;;0.2;-9.31
2023.11.23 12:11:25;Sell;0.01;GBPUSD;1.25558;0.01;2023.12.18 18:07:39;1.26489;;0.2;-9.31
2023.11.23 14:38:30;Sell;0.01;GBPUSD;1.25442;0.01;2023.12.18 18:07:36;1.26489;;0.2;-10.47
2023.11.23 12:11:24;Sell;0.01;GBPUSD;1.25558;0.01;2023.12.18 18:06:32;1.26491;;0.2;-9.33
2023.11.23 12:11:25;Sell;0.01;GBPUSD;1.25557;0.01;2023.12.18 18:06:28;1.26499;;0.2;-9.42
2023.11.20 07:34:05;Buy;0.01;GBPUSD;1.2488;0.01;2023.12.18 18:06:25;1.26475;;-2.24;15.95
2023.11.20 07:34:04;Buy;0.01;GBPUSD;1.2488;0.01;2023.12.18 18:06:23;1.26468;;-2.24;15.88
2023.11.23 12:11:21;Sell;0.01;GBPUSD;1.25559;0.01;2023.12.15 09:56:59;1.27688;;0.19;-21.29
2023.11.20 07:34:03;Buy;0.01;GBPUSD;1.2488;0.01;2023.12.15 09:56:55;1.27663;;-2.16;27.83
2023.11.23 12:11:19;Sell;0.01;GBPUSD;1.25558;0.01;2023.12.11 09:23:00;1.25455;;0.14;1.03
2023.11.23 12:11:18;Sell;0.01;GBPUSD;1.25558;0.01;2023.12.11 09:22:58;1.2545600000000001;;0.14;1.02
2023.11.23 12:11:18;Sell;0.01;GBPUSD;1.25558;0.01;2023.12.11 09:22:56;1.2545600000000001;;0.14;1.02
2023.11.23 12:11:19;Sell;0.01;GBPUSD;1.25558;0.01;2023.12.11 09:22:54;1.25454;;0.14;1.04
2023.11.20 07:34:03;Buy;0.01;GBPUSD;1.2488;0.01;2023.12.11 09:22:49;1.25435;;-1.6800000000000002;5.55
2023.11.20 07:34:03;Buy;0.01;GBPUSD;1.2488;0.01;2023.12.11 09:22:47;1.25434;;-1.6800000000000002;5.54
2023.11.20 07:34:03;Buy;0.01;GBPUSD;1.2488;0.01;2023.12.11 09:22:43;1.25436;;-1.6800000000000002;5.5600000000000005
2023.11.20 07:34:04;Buy;0.01;GBPUSD;1.2488;0.01;2023.12.11 09:22:41;1.25435;;-1.6800000000000002;5.55
2023.11.23 12:11:24;Sell;0.01;GBPUSD;1.25557;0.01;2023.12.11 09:22:34;1.25454;;0.14;1.03
2023.11.23 12:11:24;Sell;0.01;GBPUSD;1.25558;0.01;2023.12.11 09:22:32;1.25454;;0.14;1.04
2023.11.23 12:11:24;Sell;0.01;GBPUSD;1.25558;0.01;2023.12.11 09:22:30;1.25464;;0.14;0.94
2023.11.23 12:11:25;Sell;0.01;GBPUSD;1.25558;0.01;2023.12.11 09:22:27;1.2546599999999999;;0.14;0.92
2023.11.20 07:34:03;Buy;0.01;GBPUSD;1.2488;0.01;2023.12.11 09:22:19;1.25444;;-1.6800000000000002;5.64
2023.11.20 07:34:02;Buy;0.01;GBPUSD;1.2488;0.01;2023.12.11 09:22:16;1.25444;;-1.6800000000000002;5.64
2023.11.20 07:34:02;Buy;0.01;GBPUSD;1.2488;0.01;2023.12.11 09:22:14;1.25444;;-1.6800000000000002;5.64
2023.11.20 07:34:02;Buy;0.01;GBPUSD;1.2488;0.01;2023.12.11 09:22:12;1.25442;;-1.6800000000000002;5.62
2023.11.23 12:11:28;Sell;0.01;GBPUSD;1.25558;0.01;2023.12.05 20:27:27;1.2588599999999999;;0.09;-3.2800000000000002
2023.11.23 14:38:41;Sell;0.01;GBPUSD;1.2544;0.01;2023.12.05 20:27:25;1.25885;;0.09;-4.45
2023.11.20 07:34:01;Buy;0.01;GBPUSD;1.2488;0.01;2023.12.05 20:27:21;1.25861;;-1.2;9.81
2023.11.20 07:34:02;Buy;0.01;GBPUSD;1.2488;0.01;2023.12.05 20:27:18;1.25861;;-1.2;9.81
2023.11.20 07:34:02;Buy;0.01;GBPUSD;1.2488;0.01;2023.12.05 20:27:16;1.25861;;-1.2;9.81
2023.11.23 12:11:23;Sell;0.01;GBPUSD;1.25559;0.01;2023.12.01 21:07:21;1.27102;;0.07;-15.43
2023.11.23 12:11:21;Sell;0.01;GBPUSD;1.25558;0.01;2023.12.01 21:07:17;1.271;;0.07;-15.42
2023.11.20 07:34:01;Buy;0.01;GBPUSD;1.2488;0.01;2023.12.01 21:07:12;1.27073;;-1.04;21.93
2023.11.20 07:34:01;Buy;0.01;GBPUSD;1.2488;0.01;2023.12.01 21:07:10;1.2707899999999999;;-1.04;21.99
2023.11.20 07:34:10;Buy;0.01;GBPUSD;1.24884;0.01;2023.12.01 07:36:32;1.2642;;-1.04;15.36
2023.11.23 12:11:18;Sell;0.01;GBPUSD;1.25558;0.01;2023.12.01 07:36:29;1.26447;;0.07;-8.89
2023.11.23 12:11:23;Sell;0.01;GBPUSD;1.25557;0.01;2023.11.24 17:08:24;1.26106;;0.01;-5.49
2023.11.23 14:38:30;Sell;0.01;GBPUSD;1.25442;0.01;2023.11.24 17:08:13;1.26085;;0.01;-6.43
2023.11.20 07:34:05;Buy;0.01;GBPUSD;1.2488;0.01;2023.11.24 17:08:09;1.26063;;-0.48;11.83
2023.11.20 07:34:06;Buy;0.01;GBPUSD;1.2488;0.01;2023.11.24 17:08:04;1.2606;;-0.48;11.8
2023.11.20 07:34:06;Buy;0.01;GBPUSD;1.2488;0.01;2023.11.24 17:07:59;1.26065;;-0.48;11.85
2023.11.20 07:34:01;Buy;0.01;GBPUSD;1.2488;0.01;2023.11.24 17:07:54;1.26064;;-0.48;11.84
2023.11.23 14:38:42;Sell;0.01;GBPUSD;1.25443;0.01;2023.11.24 17:07:48;1.26084;;0.01;-6.41
2023.11.23 14:38:42;Sell;0.01;GBPUSD;1.25443;0.01;2023.11.24 17:07:44;1.26087;;0.01;-6.44
2023.11.20 07:34:10;Buy;0.01;GBPUSD;1.24884;0.01;2023.11.24 14:05:45;1.2566;;-0.48;7.76
2023.11.20 07:34:10;Buy;0.01;GBPUSD;1.24882;0.01;2023.11.24 14:05:40;1.25662;;-0.48;7.8
2023.11.20 07:34:06;Buy;0.01;GBPUSD;1.2488;0.01;2023.11.24 14:05:35;1.2566;;-0.48;7.8
2023.11.23 12:11:29;Sell;0.01;GBPUSD;1.25558;0.01;2023.11.24 14:05:29;1.24878;;-0.47;6.8
2023.11.20 07:33:58;Buy;0.01;GBPUSD;1.24878;0.01;2023.11.24 14:05:29;1.25558;;;0
2023.11.23 12:11:29;Sell;0.01;GBPUSD;1.25558;0.01;2023.11.24 14:05:27;1.25678;;0.01;-1.2
2023.11.23 12:11:29;Sell;0.01;GBPUSD;1.25558;0.01;2023.11.24 14:05:23;1.25674;;0.01;-1.16
2023.11.20 07:34:01;Buy;0.01;GBPUSD;1.2488;0.01;2023.11.24 12:35:09;1.25591;;-0.48;7.11
2023.11.20 07:34:00;Buy;0.01;GBPUSD;1.2488;0.01;2023.11.24 12:35:03;1.25592;;-0.48;7.12
2023.11.20 07:34:00;Buy;0.01;GBPUSD;1.2488;0.01;2023.11.24 12:34:56;1.25593;;-0.48;7.13
2023.11.23 14:38:31;Sell;0.01;GBPUSD;1.25442;0.01;2023.11.24 12:34:51;1.25616;;0.01;-1.74
2023.11.23 14:38:35;Sell;0.01;GBPUSD;1.25438;0.01;2023.11.24 12:34:47;1.25616;;0.01;-1.78
2023.11.23 14:38:37;Sell;0.01;GBPUSD;1.25438;0.01;2023.11.24 12:34:43;1.25617;;0.01;-1.79
2023.11.23 14:38:37;Sell;0.01;GBPUSD;1.25438;0.01;2023.11.24 12:34:40;1.25617;;0.01;-1.79
2023.11.23 14:38:37;Sell;0.01;GBPUSD;1.25438;0.01;2023.11.24 12:34:36;1.25617;;0.01;-1.79
2023.11.20 07:34:00;Buy;0.01;GBPUSD;1.2488;0.01;2023.11.24 12:00:34;1.25481;;-0.48;6.01
2023.11.20 07:34:00;Buy;0.01;GBPUSD;1.2488;0.01;2023.11.24 12:00:30;1.25481;;-0.48;6.01
2023.11.23 12:11:19;Sell;0.01;GBPUSD;1.25558;0.01;2023.11.24 12:00:28;1.25499;;0.01;0.59
2023.11.23 12:11:18;Sell;0.01;GBPUSD;1.25558;0.01;2023.11.24 12:00:22;1.25499;;0.01;0.59
2023.11.20 07:34:00;Buy;0.01;GBPUSD;1.2488;0.01;2023.11.23 18:30:14;1.25292;;-0.4;4.12
2023.11.20 07:34:00;Buy;0.01;GBPUSD;1.2488;0.01;2023.11.23 18:30:10;1.25292;;-0.4;4.12
2023.11.20 07:34:00;Buy;0.01;GBPUSD;1.2488;0.01;2023.11.23 18:30:06;1.25292;;-0.4;4.12
2023.11.20 07:34:00;Buy;0.01;GBPUSD;1.2488;0.01;2023.11.23 18:30:01;1.25292;;-0.4;4.12
2023.11.20 07:34:00;Buy;0.01;GBPUSD;1.2488;0.01;2023.11.23 18:29:57;1.25292;;-0.4;4.12
2023.11.20 07:34:00;Buy;0.01;GBPUSD;1.2488;0.01;2023.11.23 18:29:54;1.25292;;-0.4;4.12
2023.11.23 14:38:37;Sell;0.01;GBPUSD;1.25438;0.01;2023.11.23 18:29:39;1.25315;;;1.23
2023.11.23 14:38:37;Sell;0.01;GBPUSD;1.25438;0.01;2023.11.23 18:29:31;1.25321;;;1.17
2023.11.23 14:38:41;Sell;0.01;GBPUSD;1.2544;0.01;2023.11.23 18:29:28;1.25319;;;1.21
2023.11.23 12:11:19;Sell;0.01;GBPUSD;1.25558;0.01;2023.11.23 14:38:54;1.2546599999999999;;;0.92
2023.11.23 12:11:24;Sell;0.01;GBPUSD;1.25558;0.01;2023.11.23 14:38:47;1.2546300000000001;;;0.95
2023.10.23 21:03:16;Sell;0.01;EURUSD;1.0667;0.01;2023.11.20 06:35:40;1.09281;;0.28;-26.11
2023.10.19 21:18:36;Buy;0.01;EURUSD;1.0604;0.01;2023.11.20 06:35:36;1.09261;;-2.36;32.21
2023.10.23 21:03:27;Sell;0.01;EURUSD;1.06669;0.01;2023.11.20 06:35:32;1.09282;;0.28;-26.13
2023.10.19 21:18:36;Buy;0.01;EURUSD;1.0604;0.01;2023.11.20 06:35:28;1.09262;;-2.36;32.22
2023.10.23 21:03:17;Sell;0.01;EURUSD;1.0667;0.01;2023.11.20 06:35:25;1.09282;;0.28;-26.12
2023.10.19 21:18:38;Buy;0.01;EURUSD;1.06033;0.01;2023.11.20 06:35:21;1.09264;;-2.36;32.31
2023.10.23 21:03:15;Sell;0.01;EURUSD;1.06669;0.01;2023.11.20 06:35:17;1.09285;;0.28;-26.16
2023.10.23 21:03:21;Sell;0.01;EURUSD;1.06671;0.01;2023.11.20 06:35:12;1.09283;;0.28;-26.12
2023.10.19 21:18:42;Buy;0.01;EURUSD;1.06035;0.01;2023.11.20 06:35:09;1.09263;;-2.36;32.28
2023.10.19 21:18:43;Buy;0.01;EURUSD;1.06035;0.01;2023.11.20 06:35:06;1.09263;;-2.36;32.28
2023.10.23 21:03:15;Sell;0.01;EURUSD;1.0667;0.01;2023.11.20 06:35:03;1.09292;;0.28;-26.22
2023.10.19 21:18:42;Buy;0.01;EURUSD;1.06035;0.01;2023.11.20 06:35:00;1.09273;;-2.36;32.38
2023.10.23 21:03:16;Sell;0.01;EURUSD;1.0667;0.01;2023.11.07 07:15:58;1.07084;;0.15;-4.14
2023.10.23 21:03:16;Sell;0.01;EURUSD;1.0667;0.01;2023.11.07 07:15:56;1.07084;;0.15;-4.14
2023.10.23 21:03:17;Sell;0.01;EURUSD;1.0667;0.01;2023.11.07 07:15:53;1.07084;;0.15;-4.14
2023.10.23 21:03:16;Sell;0.01;EURUSD;1.0667;0.01;2023.11.07 07:15:51;1.07084;;0.15;-4.14
2023.10.19 21:18:42;Buy;0.01;EURUSD;1.06035;0.01;2023.11.07 07:15:48;1.07063;;-1.34;10.28
2023.10.19 21:18:39;Buy;0.01;EURUSD;1.06034;0.01;2023.11.07 07:15:45;1.07064;;-1.34;10.3
2023.10.19 21:18:40;Buy;0.01;EURUSD;1.06034;0.01;2023.11.07 07:15:43;1.07063;;-1.34;10.29
2023.10.19 21:18:40;Buy;0.01;EURUSD;1.06033;0.01;2023.11.07 07:15:41;1.07064;;-1.34;10.31
2023.10.23 21:03:17;Sell;0.01;EURUSD;1.0667;0.01;2023.11.06 15:43:52;1.0737700000000001;;0.14;-7.07
2023.10.23 21:03:18;Sell;0.01;EURUSD;1.0667;0.01;2023.11.06 15:43:49;1.0737700000000001;;0.14;-7.07
2023.10.19 21:18:42;Buy;0.01;EURUSD;1.06035;0.01;2023.11.06 15:43:44;1.07361;;-1.26;13.26
2023.10.19 21:18:40;Buy;0.01;EURUSD;1.06034;0.01;2023.11.06 15:43:42;1.07355;;-1.26;13.21
2023.10.23 21:03:17;Sell;0.01;EURUSD;1.0667;0.01;2023.11.03 07:12:35;1.06284;;0.13;3.86
2023.10.23 21:03:18;Sell;0.01;EURUSD;1.0667;0.01;2023.11.03 07:12:32;1.06284;;0.13;3.86
2023.10.23 21:03:18;Sell;0.01;EURUSD;1.0667;0.01;2023.11.03 07:12:29;1.06285;;0.13;3.85
2023.10.19 21:18:39;Buy;0.01;EURUSD;1.06034;0.01;2023.11.03 07:12:25;1.06263;;-1.18;2.29
2023.10.19 21:18:38;Buy;0.01;EURUSD;1.06034;0.01;2023.11.03 07:12:22;1.06261;;-1.18;2.27
2023.10.19 21:18:39;Buy;0.01;EURUSD;1.06034;0.01;2023.11.03 07:12:19;1.0626;;-1.18;2.26
2023.10.23 21:03:18;Sell;0.01;EURUSD;1.0667;0.01;2023.10.30 09:05:07;1.05657;;0.07;10.13
2023.10.19 21:18:39;Buy;0.01;EURUSD;1.06034;0.01;2023.10.30 09:05:04;1.0564;;-0.71;-3.94
2023.10.23 21:03:25;Sell;0.01;EURUSD;1.06669;0.01;2023.10.30 09:05:01;1.05662;;0.07;10.07
2023.10.19 21:18:36;Buy;0.01;EURUSD;1.0604;0.01;2023.10.30 09:04:57;1.05645;;-0.71;-3.95
2023.10.19 21:18:39;Buy;0.01;EURUSD;1.06034;0.01;2023.10.30 09:04:39;1.05652;;-0.71;-3.82
2023.10.23 21:03:19;Sell;0.01;EURUSD;1.0667;0.01;2023.10.30 09:04:36;1.05671;;0.07;9.99
2023.10.19 21:18:38;Buy;0.01;EURUSD;1.06034;0.01;2023.10.30 09:04:31;1.05653;;-0.71;-3.81
2023.10.19 21:18:38;Buy;0.01;EURUSD;1.06034;0.01;2023.10.30 09:04:28;1.05653;;-0.71;-3.81
2023.10.23 21:03:19;Sell;0.01;EURUSD;1.06669;0.01;2023.10.30 09:04:26;1.05671;;0.07;9.98
2023.10.23 21:03:19;Sell;0.01;EURUSD;1.0667;0.01;2023.10.30 09:04:22;1.05672;;0.07;9.98
2023.10.23 21:03:20;Sell;0.01;EURUSD;1.06669;0.01;2023.10.30 09:04:14;1.0567;;0.07;9.99
2023.10.23 21:03:20;Sell;0.01;EURUSD;1.06669;0.01;2023.10.30 09:04:11;1.05668;;0.07;10.01
2023.10.19 21:18:37;Buy;0.01;EURUSD;1.06038;0.01;2023.10.30 09:04:07;1.05645;;-0.71;-3.93
2023.10.19 21:18:38;Buy;0.01;EURUSD;1.06035;0.01;2023.10.30 09:04:05;1.05647;;-0.71;-3.88
2023.10.19 21:18:36;Buy;0.01;EURUSD;1.06038;0.01;2023.10.30 09:03:53;1.0565;;-0.71;-3.88
2023.10.19 21:18:37;Buy;0.01;EURUSD;1.06035;0.01;2023.10.30 09:03:51;1.05647;;-0.71;-3.88
2023.10.19 21:18:37;Buy;0.01;EURUSD;1.06035;0.01;2023.10.30 09:03:48;1.05645;;-0.71;-3.9
2023.10.23 21:03:22;Sell;0.01;EURUSD;1.0667;0.01;2023.10.30 09:03:30;1.05663;;0.07;10.07
2023.10.23 21:03:22;Sell;0.01;EURUSD;1.0667;0.01;2023.10.30 09:03:27;1.05663;;0.07;10.07
2023.10.23 21:03:22;Sell;0.01;EURUSD;1.0667;0.01;2023.10.30 09:03:24;1.05664;;0.07;10.06
2023.10.23 21:03:22;Sell;0.01;EURUSD;1.0667;0.01;2023.10.30 09:03:13;1.0567;;0.07;10
2023.10.23 21:03:22;Sell;0.01;EURUSD;1.0667;0.01;2023.10.30 09:03:10;1.05676;;0.07;9.94
2023.10.23 21:03:31;Sell;0.01;EURUSD;1.0667;0.01;2023.10.30 09:03:07;1.05676;;0.07;9.94
2023.10.19 21:18:37;Buy;0.01;EURUSD;1.06036;0.01;2023.10.30 09:03:03;1.05658;;-0.71;-3.7800000000000002
2023.10.19 21:18:37;Buy;0.01;EURUSD;1.06035;0.01;2023.10.30 09:03:00;1.05661;;-0.71;-3.74
2023.10.19 21:18:43;Buy;0.01;EURUSD;1.06039;0.01;2023.10.30 09:02:57;1.05663;;-0.71;-3.76
2023.10.23 21:03:25;Sell;0.01;EURUSD;1.06669;0.01;2023.10.26 07:32:56;1.05473;;0.05;11.96
2023.10.23 21:03:30;Sell;0.01;EURUSD;1.0667;0.01;2023.10.26 07:32:51;1.05473;;0.05;11.97
2023.10.19 21:18:36;Buy;0.01;EURUSD;1.0604;0.01;2023.10.26 07:32:48;1.05452;;-0.55;-5.88
2023.10.19 21:18:35;Buy;0.01;EURUSD;1.0604;0.01;2023.10.26 07:32:45;1.05452;;-0.55;-5.88
2023.10.23 21:03:27;Sell;0.01;EURUSD;1.06669;0.01;2023.10.26 07:32:13;1.05473;;0.05;11.96
2023.10.19 21:18:36;Buy;0.01;EURUSD;1.06038;0.01;2023.10.26 07:32:09;1.05452;;-0.55;-5.86
2023.10.23 21:03:31;Sell;0.01;EURUSD;1.0667;0.01;2023.10.26 07:32:05;1.05473;;0.05;11.97
2023.10.19 21:18:35;Buy;0.01;EURUSD;1.06044;0.01;2023.10.26 07:32:00;1.05452;;-0.55;-5.92
2023.10.23 21:03:27;Sell;0.01;EURUSD;1.06668;0.01;2023.10.23 21:03:38;1.06697;;;-0.29
2023.10.23 21:03:19;Sell;0.01;EURUSD;1.0667;0.01;2023.10.23 21:03:35;1.06692;;;-0.22
2023.10.10 11:34:22;Balance;;;;;;;;;200
